picture,Category
DSC_1400.JPG,0
DSC_1401.JPG,0
DSC_1402.JPG,0
DSC_1403.JPG,0
DSC_1404.JPG,0
DSC_1405.JPG,0
DSC_1406.JPG,0
DSC_1407.JPG,0
DSC_1408.JPG,0
IMG_5675.JPG,3
IMG_5676.JPG,3
IMG_5677.JPG,1
IMG_5678.JPG,3
IMG_5679.JPG,3
IMG_5680.JPG,0
IMG_5681.JPG,2
IMG_5682.JPG,3
IMG_5683.JPG,0
IMG_5684.JPG,3
IMG_5970.JPG,1
IMG_5971.JPG,1
IMG_5972.JPG,1
IMG_5973.JPG,1
IMG_5974.JPG,1
IMG_5975.JPG,1
IMG_5976.JPG,1
IMG_5977.JPG,1
IMG_5978.JPG,1
IMG_5979.JPG,1
IMG_5980.JPG,1
IMG_5981.JPG,1
IMG_5982.JPG,1
IMG_5983.JPG,1
IMG_5984.JPG,1
IMG_5985.JPG,3
IMG_5986.JPG,1
IMG_5987.JPG,3
IMG_5988.JPG,1
IMG_5989.JPG,1
IMG_6063.JPG,2
IMG_6064.JPG,2
IMG_6065.JPG,2
IMG_6066.JPG,2
IMG_6067.JPG,2
IMG_6068.JPG,2
IMG_6069.JPG,2
IMG_6070.JPG,2
IMG_6071.JPG,2
IMG_6072.JPG,2
IMG_6174.JPG,0
IMG_6175.JPG,0
IMG_6176.JPG,0
IMG_6177.JPG,0
IMG_6178.JPG,0
IMG_6179.JPG,0
IMG_6180.JPG,0
IMG_6181.JPG,0
IMG_6182.JPG,0
IMG_6183.JPG,0
IMG_6184.JPG,0
